fearure 1,feature2,Material_type,Debye_temp
-0.187222,-0.581372,0,8
-0.384297,-0.581372,1,6
0.206929,-0.581372,1,12
0.404005,-0.581372,0,14
-0.581372,-0.581372,1,4
1.389382,-0.581372,0,24
-0.187222,-0.581372,1,8
3.163061,-0.581372,0,42
1.980608,-0.581372,1,30
0.009854,-0.581372,0,10
